LED???,https://mercari-shops.com/shops/4T6G6mo6coiMnimfuQLTkL,https://mercari-shops.com/shops/4T6G6mo6coiMnimfuQLTkL/reviews,?????,1843,https://jp.mercari.com/shops/product/bE2KgUxP2oZJGt6qNgQUvJ?source=shops_search,???????? LED ?????? 8? led LED??? led??? ???? LED???????? ??,"¥1,980",1,??????,????(?????),??(??????),???,2?3????
LED???,https://mercari-shops.com/shops/CsMw3pqcw6G8ME24Zdz7sh,https://mercari-shops.com/shops/CsMw3pqcw6G8ME24Zdz7sh/reviews,seibistore,46,https://jp.mercari.com/shops/product/yo8zH3rxSGsgmaucWKu9on?source=shops_search,LED?????? ?????? LED ?????? led??????,"¥1,280",2,??????,????(?????),??(??????),???,1?2????
LED???,https://mercari-shops.com/shops/JcRZ9AtKsFLH42ddsVPnCA,https://mercari-shops.com/shops/JcRZ9AtKsFLH42ddsVPnCA/reviews,????????,492,https://jp.mercari.com/shops/product/L2eAyiChjj7nCt2npqMHw7?source=shops_search,"?? LED??? ?? LED ?????? ??? ???? ????? LED ???
???","¥1,099",1,??????,????(?????),?????????,???,1?2????
LED???,https://mercari-shops.com/shops/eDt8frZbSbwMJjcGVUEt4D,https://mercari-shops.com/shops/eDt8frZbSbwMJjcGVUEt4D/reviews,MM666,256,https://jp.mercari.com/shops/product/4BQPMCPVUiPGoYkVB7a9Qb?source=shops_search,?? LED?????? RGB ??? ??? Bluetooth APP?? ????? 1600?? led?????? led??? led led??? ??? ??? led?????? light for room 10m ?????? led?,"¥1,656",1,??????,????(?????),??(??????),???,2?3????
LED???,https://mercari-shops.com/shops/5Ct4u5aTfFCfrMcgJXk4hj,https://mercari-shops.com/shops/5Ct4u5aTfFCfrMcgJXk4hj/reviews,JANRI,3977,https://jp.mercari.com/shops/product/if8JFhadZhx6FvDJJhGxqS?source=shops_search,LED??????? 60W 6000LM LED????????,"¥1,600",7,??????,????(?????),??(??????),???,1?2????
LED???,https://mercari-shops.com/shops/ekPFfmDb7uLZdvTseB5P6b,https://mercari-shops.com/shops/ekPFfmDb7uLZdvTseB5P6b/reviews,Fu-mi,62,https://jp.mercari.com/shops/product/xaHu5S8TSVHjUxidGQYNXd?source=shops_search,COB??? ??LED??? 4???? ???  LED COB,"¥1,250",53,??????,????(?????),?????????,???,1?2????
LED???,https://mercari-shops.com/shops/fqKK6NBjLMMBtbv62C4veg,https://mercari-shops.com/shops/fqKK6NBjLMMBtbv62C4veg/reviews,HID? ?? @??????!,3071,https://jp.mercari.com/shops/product/TfDaWz75dJsjqDFttkegq6?source=shops_search,"HID? LED T16 LED ?????? ?????? 9100lx LED?????? LED?????? 6500k LED HID
?????????","¥4,482",33,??????,????(?????),??(??????),???,1?2????
LED???,https://mercari-shops.com/shops/izoUpYGZer6iBEYMbp4inJ,https://mercari-shops.com/shops/izoUpYGZer6iBEYMbp4inJ/reviews,????,2716,https://jp.mercari.com/shops/product/y7cMo9kagXWaTsUHNc2WbA?source=shops_search,??? ??? LED ?? ?????? 3??? LED??? y4,¥494,2,??????,????(?????),??(??????),???,2?3????
LED???,https://mercari-shops.com/shops/eUDJqgduGvnfEravN8ejo6,https://mercari-shops.com/shops/eUDJqgduGvnfEravN8ejo6/reviews,eiwashop,51,https://jp.mercari.com/shops/product/8QzxY58cm4Ss28rQFiFvW4?source=shops_search,??? ??? led????? ??????? led ??????,"¥1,950",1,??????,????(?????),?????????,???,1?2????
LED???,https://mercari-shops.com/shops/KCiKvVkQpQzRtRMRoAa3Aj,https://mercari-shops.com/shops/KCiKvVkQpQzRtRMRoAa3Aj/reviews,????,188,https://jp.mercari.com/shops/product/cA9mdwb39iyZHa6QcLJDM3?source=shops_search,??????????? led??????? ?? led?????? ?????? ?????? 10m room for light lepro led?????? ??? ??? led??? ??????? led led??? led?????? 1,"¥1,855",0,??????,????(?????),??(??????),???,4?7????
LED???,https://mercari-shops.com/shops/DNbHfUqtcUraYmWFpvDK7b,https://mercari-shops.com/shops/DNbHfUqtcUraYmWFpvDK7b/reviews,????,1145,https://jp.mercari.com/shops/product/8h5k4xw4b92FZ5AjDmX5wi?source=shops_search,LED ?????? ???? LED?? ??????? ? ???,"¥2,149",1,??????,????(?????),??(??????),???,1?2????
LED???,https://mercari-shops.com/shops/n5hLB8QtLRUXaV6eiZDhSU,https://mercari-shops.com/shops/n5hLB8QtLRUXaV6eiZDhSU/reviews,???????CHOPPERS ????,3746,https://jp.mercari.com/shops/product/Q4NXetgV7g6XeL3hofbuQM?source=shops_search,LED?????? NEON OPEN ????????? LED???,"¥1,363",4,??????,????(?????),??(??????),???,4?7????
LED???,https://mercari-shops.com/shops/ZQo5Zmm3M32eLis2R6QuR8,https://mercari-shops.com/shops/ZQo5Zmm3M32eLis2R6QuR8/reviews,U LAN,678,https://jp.mercari.com/shops/product/o5TRHbjoX3geGdM2YtapKi?source=shops_search,??? led??? ???? ??? ????? ?????? ??? uv ?????? led??? ?? led ??? uv??? LULUGEL ????? ????? ?????? (WHITE),"¥2,491",4,??????,????(?????),??(??????),???,2?3????
LED???,https://mercari-shops.com/shops/DK9JoNzzC5dgBLtrazMgRb,https://mercari-shops.com/shops/DK9JoNzzC5dgBLtrazMgRb/reviews,Kei?,2460,https://jp.mercari.com/shops/product/x5X92Bdf4xoxbgbunvGe5S?source=shops_search,LED??? ??????? 80W 6000lm LED?? 6500K,"¥2,780",12,??????,????(?????),??(??????),???,2?3????
LED???,https://mercari-shops.com/shops/8Psw273h692owN3PcGAYUJ,https://mercari-shops.com/shops/8Psw273h692owN3PcGAYUJ/reviews,?????????,527,https://jp.mercari.com/shops/product/GKprrSBEzmAwCXcF6jH7xT?source=shops_search,??????LED?????? RGB ??? ??? Bluetooth APP?? ????? 1600?? led?????? led??? led led??? ??? ??? led?????? light for room 10m ?????? l,"¥1,889",1,??????,????(?????),??(??????),???,2?3????
LED???,https://mercari-shops.com/shops/dudsAgwbN9jWim6Ef6aTpM,https://mercari-shops.com/shops/dudsAgwbN9jWim6Ef6aTpM/reviews,Purple7,2585,https://jp.mercari.com/shops/product/uATFcWWjBREiEDUTbagaoV?source=shops_search,LED??????? ?????,¥900,12,??????,????(?????),??(??????),???,1?2????
LED???,https://mercari-shops.com/shops/Wmc5tEJRs3UMCrnGWd9YcK,https://mercari-shops.com/shops/Wmc5tEJRs3UMCrnGWd9YcK/reviews,CROSSROAD,60,https://jp.mercari.com/shops/product/CrQ4XFaATWDnab4DXhwruK?source=shops_search,LED????? LED???101cm USB??? led?????? ??LED??? LED??????? LED?????????? ?? ?????? ??????,"¥3,700",0,??????,????(?????),??(??????),???,2?3????
LED???,https://mercari-shops.com/shops/EWAKYdPzSq2NwfpvtjGjNk,https://mercari-shops.com/shops/EWAKYdPzSq2NwfpvtjGjNk/reviews,????????,201,https://jp.mercari.com/shops/product/4NC64ZinQ9HGcVAkGoyewc?source=shops_search,?????? LED ?? ???? ?????? LED??????,"¥3,580",4,??????,????(?????),??(??????),????,1?2????
LED???,https://mercari-shops.com/shops/KMyhE84vJDYunXPd2H6Rgn,https://mercari-shops.com/shops/KMyhE84vJDYunXPd2H6Rgn/reviews,Hapiness,350,https://jp.mercari.com/shops/product/dW5Cces8T4PY6uC4a5Z4pb?source=shops_search,??????for light room led?????? ??? 10m ??? ?????? led??? led?????? led ?? led??? led?????? led??????? 1600?? ????? ????? ?????? AP,"¥1,889",0,??????,????(?????),??(??????),???,4?7????
LED???,https://mercari-shops.com/shops/uNsdNkRP9ZSUEAzgbH6Vvn,https://mercari-shops.com/shops/uNsdNkRP9ZSUEAzgbH6Vvn/reviews,?????????,20,https://jp.mercari.com/shops/product/knY9DAXXaj7bRD7ZLpHGun?source=shops_search,?????? led ???? ????? ???? usb led??? ??????? ??? ????,"¥1,480",4,??????,????(?????),??(??????),???,1?2????
LED???,https://mercari-shops.com/shops/sqwxGYPMK78dWR8ZpqQmYK,https://mercari-shops.com/shops/sqwxGYPMK78dWR8ZpqQmYK/reviews,????????? ????SHOP,3842,https://jp.mercari.com/shops/product/B4SFLgVmf4mSwNco6ynTtL?source=shops_search,LED???????? LED ????? ??? 50? 6?? ??????????? led ????? ???????? ???,"¥2,100",5,??????,????(?????),??(??????),???,2?3????
LED???,https://mercari-shops.com/shops/PkmjdfwypsDTN9PVDd8LXT,https://mercari-shops.com/shops/PkmjdfwypsDTN9PVDd8LXT/reviews,U-chi,197,https://jp.mercari.com/shops/product/2PVm4rusthNk39UQ7vTQyX?source=shops_search,????? ??????? LED ???? ??????? 20LED,"¥3,900",4,??????,????(?????),??(??????),???,2?3????
LED???,https://mercari-shops.com/shops/BKMyYgTPqW9uxYKL6mpc29,https://mercari-shops.com/shops/BKMyYgTPqW9uxYKL6mpc29/reviews,??????? ????Shop,2068,https://jp.mercari.com/shops/product/X5SCfXSqA2srcafQpwz84L?source=shops_search,??? LED??????? LED-AC3042,"¥7,897",4,??????,????(?????),??(??????),???,4?7????
LED???,https://mercari-shops.com/shops/7GfXuuyNMs7KpxABxkpuRR,https://mercari-shops.com/shops/7GfXuuyNMs7KpxABxkpuRR/reviews,?????? ????Shops?,2047,https://jp.mercari.com/shops/product/YJstzbYYBZrLUeUyUH2WDK?source=shops_search,LED?????? RGB ??? ??? Bluetooth APP?? ????? 1600?? led?????? led??? led led??? ??? ??? led?????? light for room 10m ????? [10????],"¥1,358",1,??????,????(?????),??(??????),???,1?2????
LED???,https://mercari-shops.com/shops/xVnui8MUNtAVo8rx6CXS7A,https://mercari-shops.com/shops/xVnui8MUNtAVo8rx6CXS7A/reviews,YOUKOU,35,https://jp.mercari.com/shops/product/tcedrFchRQnWSPaFDESJg8?source=shops_search,??????? ??????? LED,"¥1,580",9,??????,????(?????),??(??????),???,1?2????
LED???,https://mercari-shops.com/shops/b6z3qgxP4bCvMsaMQMg7XU,https://mercari-shops.com/shops/b6z3qgxP4bCvMsaMQMg7XU/reviews,?????????,22,https://jp.mercari.com/shops/product/4NnTU7ZSmouuB4g2TtAhiU?source=shops_search,????????????? ???LED??? LED???52cm USB??? led?????? ??LED??? ????? LED????? LED??????? LED?????????? ?? ?????? ???? ?? ??????? (??,"¥4,971",0,??????,????(?????),??(??????),???,2?3????
LED???,https://mercari-shops.com/shops/nbPTofb5ixoWgGV6KFJ7CR,https://mercari-shops.com/shops/nbPTofb5ixoWgGV6KFJ7CR/reviews,JUST STORE,65,https://jp.mercari.com/shops/product/MmFeQerr9qhRojTkEUNyp8?source=shops_search,LED????? ????????? ????????? ??? led?????? ?????? ?????? ??? ?????? ?? ???????? led ??? ? ?? LED??? ? LED???? ??????? ????? ??,"¥2,650",0,??????,????(?????),??(??????),???,2?3????
LED???,https://mercari-shops.com/shops/Kw7eFB6b5ud9jqLTEg5eeV,https://mercari-shops.com/shops/Kw7eFB6b5ud9jqLTEg5eeV/reviews,BACKYARD FAMILY?????,9754,https://jp.mercari.com/shops/product/eNaDP3LrfU79QdMoHX5PSD?source=shops_search,? LED??? ????? ????? 2??? LED ??? ???? ? LED????? ????? 2???? LED???????? ????? ??? LED??? ???? ?? ???? ??????? ?? ???? ??? ????,"¥1,980",1,??????,????(?????),??(??????),???,1?2????
LED???,https://mercari-shops.com/shops/CGEhRNMmyqWMHDGkfdjP7c,https://mercari-shops.com/shops/CGEhRNMmyqWMHDGkfdjP7c/reviews,?????/????@?????????,6900,https://jp.mercari.com/shops/product/GgXCznrZ73YSga3b2NRudn?source=shops_search,?????????????? ????? ??????? ?????? LED 50m LED??? ?? ?? [LED ???? ??? ??? ?? ??????????? LED???????? ???????? ????? ??,"¥7,680",1,??????,????(?????),??(??????),???,2?3????
LED???,https://mercari-shops.com/shops/Dh8ggSbJvRzYC9iPx8iwK5,https://mercari-shops.com/shops/Dh8ggSbJvRzYC9iPx8iwK5/reviews,BACKYARD FAMILY?????,21143,https://jp.mercari.com/shops/product/7rVBq5s6eSvYVU7nawxBkC?source=shops_search,? Khaki ? SPYROLL ????? LED???? LED ???? LED???? LED???? ???? led???? led???? ???? ?? LED??? led??? ??? 3way ?????? ?????,"¥3,979",1,??????,????(?????),??(??????),???,1?2????
LED???,https://mercari-shops.com/shops/3C2K9P4HG3RJqSqvvdEXQY,https://mercari-shops.com/shops/3C2K9P4HG3RJqSqvvdEXQY/reviews,????????,108,https://jp.mercari.com/shops/product/KNbuZKy7fdWjLVgxtc2iyn?source=shops_search,???????led??? led led?????? led??? ??? 1600?? ??? led?????? ????? light for APP?? room 10m Bluetooth ?????? led?????? ??? ?? led??,"¥1,500",0,??????,????(?????),??(??????),???,2?3????
LED???,https://mercari-shops.com/shops/8YZuL7pkFWtdCAMZF3G3jE,https://mercari-shops.com/shops/8YZuL7pkFWtdCAMZF3G3jE/reviews,????shop,446,https://jp.mercari.com/shops/product/x8qUhxww9rqKeehcjJCxZ9?source=shops_search,LED???????? ??? LED ??????,"¥1,200",0,??????,????(?????),?????????,???,2?3????
LED???,https://mercari-shops.com/shops/yafUMLbo78Y6AiVoFHbUAC,https://mercari-shops.com/shops/yafUMLbo78Y6AiVoFHbUAC/reviews,pink_muguet,1801,https://jp.mercari.com/shops/product/a9dvE7LFiRBE2fbA7Y6p7M?source=shops_search,LED?????? LED??? ???? ???? USB ??? ??? LED ??????,"¥1,050",3,??????,????(?????),??(??????),???,1?2????
LED???,https://mercari-shops.com/shops/6oThRi8t9iyzcXccuGDV7b,https://mercari-shops.com/shops/6oThRi8t9iyzcXccuGDV7b/reviews,???????,708,https://jp.mercari.com/shops/product/6heLLWSpgfjyqQrtshRnXX?source=shops_search,LED?????? ? ?????? LED ?????? ? ????????,¥970,8,??????,????(?????),??(??????),???,1?2????
LED???,https://mercari-shops.com/shops/Y6ZgJ8vJMwtByoCMkWyLmP,https://mercari-shops.com/shops/Y6ZgJ8vJMwtByoCMkWyLmP/reviews,BOSE lighting,8,https://jp.mercari.com/shops/product/ArSuDevuSoScjwg2fUNefG?source=shops_search,??? LED?????? LED??? H4 ???? H4s LED ??? LED??? LED?????? LED??????,"¥4,499",4,??????,????(?????),??(??????),???,1?2????
LED???,https://mercari-shops.com/shops/zdKLb96ck72ESEXcyG9Y3f,https://mercari-shops.com/shops/zdKLb96ck72ESEXcyG9Y3f/reviews,??????? SUNRUSENT,170,https://jp.mercari.com/shops/product/MYyvKtUrXvhVuxsdNquSQo?source=shops_search,LED???? LED ??? LED??? ???? ???? ??,"¥1,280",0,??????,????(?????),?????????,????,2?3????
LED???,https://mercari-shops.com/shops/sdd5iJxvy9GDGA7KbLLWUd,https://mercari-shops.com/shops/sdd5iJxvy9GDGA7KbLLWUd/reviews,????????,1210,https://jp.mercari.com/shops/product/eXMLeZ3NQV9PFuR5kgLyoB?source=shops_search,?????? ??? ????? LED??? LED ????? USB??? ?????? ?,"¥2,322",1,??????,????(?????),??(??????),???,2?3????
LED???,https://mercari-shops.com/shops/KLwHYShNwka5RfvetvkGt3,https://mercari-shops.com/shops/KLwHYShNwka5RfvetvkGt3/reviews,Lulu Lapin Cafe,80,https://jp.mercari.com/shops/product/XRP4Mmeo39PUCBRBvr7zSB?source=shops_search,??? ??????? LED???,"¥2,600",2,??????,????(?????),?????????,???,1?2????
LED???,https://mercari-shops.com/shops/J5A5PBNEHoheceyaYZHKpM,https://mercari-shops.com/shops/J5A5PBNEHoheceyaYZHKpM/reviews,????,329,https://jp.mercari.com/shops/product/YhT7TJquXxY5aD4rtQHAkF?source=shops_search,??????(10????) led-??? ??????? lepro ?????? ????? led??????? ?? led?????? ?????? 10m room for light led?????? ??? ??? led??? led l,"¥2,556",0,??????,????(?????),??(??????),???,4?7????
LED???,https://mercari-shops.com/shops/xyFJmLm38SEvcs3JP44qu9,https://mercari-shops.com/shops/xyFJmLm38SEvcs3JP44qu9/reviews,????????,15,https://jp.mercari.com/shops/product/uafz2wjbDbA6jbLYugemRm?source=shops_search,TSUKUYOMI LED ???? LED ???????,"¥14,000",7,??????,????(?????),??(??????),???,1?2????
LED???,https://mercari-shops.com/shops/Xxak5hrfAckHacNxmmMhB8,https://mercari-shops.com/shops/Xxak5hrfAckHacNxmmMhB8/reviews,?????????,149,https://jp.mercari.com/shops/product/CULeWxYXRxSE5firh6qmDe?source=shops_search,???????100LED 10m IP65?? 8????? ??????????? ?????? ????? LED ???????? LED??????????? LED ?? ?? ???????? ???????? ???????? led?????,"¥1,659",1,??????,????(?????),??(??????),???,2?3????
LED???,https://mercari-shops.com/shops/BdQbZ3HA8oo6w6h6pJBCFG,https://mercari-shops.com/shops/BdQbZ3HA8oo6w6h6pJBCFG/reviews,???????????,2449,https://jp.mercari.com/shops/product/BMxudYURJQoXHYNBk6JYVW?source=shops_search,?? ???LED??? ????LED???,"¥13,010",0,??????,????(?????),??(??????),???,1?2????
LED???,https://mercari-shops.com/shops/vCf7NQ86uSGteNFFTUJ3gh,https://mercari-shops.com/shops/vCf7NQ86uSGteNFFTUJ3gh/reviews,GIFT FOR YOU,1111,https://jp.mercari.com/shops/product/UhTuDND6zjRd2mQ5DJuAKo?source=shops_search,PChero ???????? led??? ?? ?? led????????,"¥2,580",0,??????,????(?????),??(??????),????,2?3????
LED???,https://mercari-shops.com/shops/88BZQzExx2L9AULuJH9fU3,https://mercari-shops.com/shops/88BZQzExx2L9AULuJH9fU3/reviews,PARASUGAR,2166,https://jp.mercari.com/shops/product/CYXouSeScQA3KBAExCaASJ?source=shops_search,LED?????? 2? 48W LED??? LED??? 12V LED ??? ??? ??? ???? ?? ?? ? ???,"¥1,280",1,??????,????(?????),??(??????),???,2?3????
LED???,https://mercari-shops.com/shops/NLdnQ6YULxgWmuupZDLgze,https://mercari-shops.com/shops/NLdnQ6YULxgWmuupZDLgze/reviews,???Store,0,https://jp.mercari.com/shops/product/uh8hKwmVHtWzojkaHYsYH9?source=shops_search,LED?? ?? ?? ??? ?? ??? ?????? LED???,"¥1,300",0,??????,????(?????),??(??????),???,1?2????
LED???,https://mercari-shops.com/shops/3pf2oTHDbmBfW4NvF69qSE,https://mercari-shops.com/shops/3pf2oTHDbmBfW4NvF69qSE/reviews,KONEKAStore?????????,2323,https://jp.mercari.com/shops/product/WQtWL9RDNg489MbkFNqcCB?source=shops_search,LED??????? 2? LED???????? 60W ?????? ??? LED??????? 5??,"¥2,280",2,??????,????(?????),??(??????),???,1?2????
LED???,https://mercari-shops.com/shops/FeqrEPckUMArWyY4JwZfGa,https://mercari-shops.com/shops/FeqrEPckUMArWyY4JwZfGa/reviews,???????????????,625,https://jp.mercari.com/shops/product/ybnUTR4QBegisLCtbAE7RL?source=shops_search,"LED??????? W3m x H3m 1200?LED ??????? ?????? LED LED??? ????LED ?????? ????? ????? ???LED??? ??LED ???? ????
????","¥8,982",0,??????,????(?????),??(??????),???,2?3????
LED???,https://mercari-shops.com/shops/j5YE8fBK7zGwhoUNubMMGS,https://mercari-shops.com/shops/j5YE8fBK7zGwhoUNubMMGS/reviews,?????,1311,https://jp.mercari.com/shops/product/VLaJf34AkQ8ULC5aEQTfW5?source=shops_search,? ??? ???LED???????? 2020?? LED???,"¥8,000",1,??????????,????(?????),?????????,????,4?7????
LED???,https://mercari-shops.com/shops/MpdW8j6RRvqiehR4z4CtcP,https://mercari-shops.com/shops/MpdW8j6RRvqiehR4z4CtcP/reviews,????!@???????,894,https://jp.mercari.com/shops/product/V2C9nrVHcAnLzNtfcxUnHJ?source=shops_search,??????? LED ???? ????LED ????????? ?????,"¥2,980",6,??????,????(?????),??(??????),???,1?2????
LED???,https://mercari-shops.com/shops/PyL444pLSpws2sScHikpAi,https://mercari-shops.com/shops/PyL444pLSpws2sScHikpAi/reviews,??Happy Smile??,270,https://jp.mercari.com/shops/product/vfUVEQtLNFXkjG4Aub5rMb?source=shops_search,???????? led?????? led ???????? ?? led ?,"¥4,807",0,??????,????(?????),??(??????),???,4?7????
LED???,https://mercari-shops.com/shops/X6YndauTjSqPHApVK4jsBR,https://mercari-shops.com/shops/X6YndauTjSqPHApVK4jsBR/reviews,Ron Shop,4,https://jp.mercari.com/shops/product/MrZGjg8pPYNdfzyZPyvQ9P?source=shops_search,LED???????,"¥1,200",4,??????,????(?????),?????????,???,2?3????
LED???,https://mercari-shops.com/shops/9dSmvMXfqYA5VDhYrxoNF4,https://mercari-shops.com/shops/9dSmvMXfqYA5VDhYrxoNF4/reviews,Rise shop?????,608,https://jp.mercari.com/shops/product/WMDR7StwtjJZ8DvACGR8iU?source=shops_search,?????? ?????? ??????? led ?? LED???,"¥1,980",0,??????,????(?????),??(??????),???,4?7????
LED???,https://mercari-shops.com/shops/6w7eVRMReMPkepjP4o8db8,https://mercari-shops.com/shops/6w7eVRMReMPkepjP4o8db8/reviews,????,160,https://jp.mercari.com/shops/product/T4gfyaKsbE986QynYABbKP?source=shops_search,?????? led ????? ??? led??? usb ??? led?????? ?? usb???,"¥2,420",0,??????,????(?????),??(??????),???,2?3????
LED???,https://mercari-shops.com/shops/8XzTR7qpyCBkhzRirThb93,https://mercari-shops.com/shops/8XzTR7qpyCBkhzRirThb93/reviews,????KOHMAILabo,4,https://jp.mercari.com/shops/product/xtWp4EEVVApWTwasEeXuXA?source=shops_search,LED ??????? ??????,"¥1,000",1,??????????,????(?????),??(??????),???,2?3????
LED???,https://mercari-shops.com/shops/B8ijtt8Wp8CKaQeFu6Ep7m,https://mercari-shops.com/shops/B8ijtt8Wp8CKaQeFu6Ep7m/reviews,?????????????????,994,https://jp.mercari.com/shops/product/pdYjR59HVL5dvxdGY95efK?source=shops_search,LED ??? ?? ?? ????? USB? USB??? ?????? ????? LED???,"¥1,152",0,??????,????(?????),??(??????),???,1?2????
LED???,https://mercari-shops.com/shops/FQMaEWtgaxtwzEgMBa8AG,https://mercari-shops.com/shops/FQMaEWtgaxtwzEgMBa8AG/reviews,??DIY????,1734,https://jp.mercari.com/shops/product/9kVkDiz7YgcPudFvZvELie?source=shops_search,??????????? LED?????? 10m ???? ??? ?? ??????????? LED???????? ???????? ????? ???????? LED???????? ??,"¥2,250",2,??????,????(?????),??(??????),???,2?3????
LED???,https://mercari-shops.com/shops/NDdFCZzjfPt4SW4fWtTegi,https://mercari-shops.com/shops/NDdFCZzjfPt4SW4fWtTegi/reviews,????????????,111,https://jp.mercari.com/shops/product/k8TkihiwCgV8jqLfNTNvni?source=shops_search,??? ??? LED?????? 5m LED??? DIY,"¥5,000",1,????????,????(?????),?????????,???,2?3????
LED???,https://mercari-shops.com/shops/NMA6W6AsbbgtjV24E4gcTL,https://mercari-shops.com/shops/NMA6W6AsbbgtjV24E4gcTL/reviews,???????,12054,https://jp.mercari.com/shops/product/ahEYMMq5nXhSRtC4PFwYuC?source=shops_search,?LED??? T3 1SMD 5050 ????? ?????????? ???LED??? ????? 12V 10????,¥402,7,??????,????(?????),??(??????),???,1?2????
LED???,https://mercari-shops.com/shops/7BnCds3H4prcSPfNs2p5TU,https://mercari-shops.com/shops/7BnCds3H4prcSPfNs2p5TU/reviews,Shop-SLY,69,https://jp.mercari.com/shops/product/CpjSC3JCSpXm4MSHExkuFC?source=shops_search,50? LED???? ?????? LED?? ????? ?????LED??? LED ????? ????? LED ?????? ?? ?? ??? ????? ??? ??? (???????),"¥2,297",0,??????,????(?????),??(??????),???,1?2????
LED???,https://mercari-shops.com/shops/PiCNfHe4MZGMeeAPwnt98T,https://mercari-shops.com/shops/PiCNfHe4MZGMeeAPwnt98T/reviews,????????,2709,https://jp.mercari.com/shops/product/9U7VkybcjhwmApH9APUdP6?source=shops_search,?? ?? led??? ??? ????????? ?? ??? ? ???,"¥2,549",5,??????,????(?????),??(??????),???,2?3????
LED???,https://mercari-shops.com/shops/cf5ZeRE6TTqC6ivhjZicqa,https://mercari-shops.com/shops/cf5ZeRE6TTqC6ivhjZicqa/reviews,Masters-mart,1096,https://jp.mercari.com/shops/product/FVfjKZRrQKKZuCVQertyTe?source=shops_search,FIRE FOX LED??????(??LED???),"¥1,755",0,??????,????(?????),??(??????),???,4?7????
LED???,https://mercari-shops.com/shops/2Dc8BpomHPsPC4NLvRhnxn,https://mercari-shops.com/shops/2Dc8BpomHPsPC4NLvRhnxn/reviews,redeyes,1095,https://jp.mercari.com/shops/product/CBWs5NhhZAUrGEMBWwPsXV?source=shops_search,?????? ?led???????? ???? LED ???????? 6?,"¥2,081",1,??????,????(?????),??(??????),???,1?2????
LED???,https://mercari-shops.com/shops/BcjSLGX5wYVBiXhpGkCwEY,https://mercari-shops.com/shops/BcjSLGX5wYVBiXhpGkCwEY/reviews,????????????SHOP,611,https://jp.mercari.com/shops/product/3NH8BbGD8Hui9ZSqsUu7KP?source=shops_search,FIRE FOX LED??????(??LED???),"¥1,950",0,??????,????(?????),??(??????),???,4?7????
LED???,https://mercari-shops.com/shops/FZkcfvv48ehZ3R6q5GRhUe,https://mercari-shops.com/shops/FZkcfvv48ehZ3R6q5GRhUe/reviews,??????????,512,https://jp.mercari.com/shops/product/saRKBnUHDVJ7ffrEYDrpQE?source=shops_search,FIRE FOX LED??????(??LED???),"¥1,950",0,??????,????(?????),??(??????),???,4?7????
LED???,https://mercari-shops.com/shops/EdNW6oq56qgTAR48f6xSdC,https://mercari-shops.com/shops/EdNW6oq56qgTAR48f6xSdC/reviews,mana??????,19,https://jp.mercari.com/shops/product/zDqC4hz7pgA74QzJrLeGY4?source=shops_search,???????? led?????? led ???????? ?? led ?,"¥6,574",0,??????,????(?????),??(??????),???,4?7????
LED???,https://mercari-shops.com/shops/6jcdWecQQpsh8x3hhW57d4,https://mercari-shops.com/shops/6jcdWecQQpsh8x3hhW57d4/reviews,AS shop,791,https://jp.mercari.com/shops/product/VikLvuLVHBoYTcrnkWHuLB?source=shops_search,???? LED ??? ???? ??? USB 3WAY LED???,"¥1,680",11,??????,????(?????),??(??????),???,2?3????
LED???,https://mercari-shops.com/shops/cvsPfrLontJSSRUNpY7udA,https://mercari-shops.com/shops/cvsPfrLontJSSRUNpY7udA/reviews,Amber ???????100????,41,https://jp.mercari.com/shops/product/uAUbPJsr5DwbUi7pCYULGB?source=shops_search,?????? led ????? ??? led??? usb ??? led?????? ?? usb???,"¥3,570",0,??????,????(?????),??(??????),???,4?7????
LED???,https://mercari-shops.com/shops/vJweMfgLyRMEEobb9fmzUe,https://mercari-shops.com/shops/vJweMfgLyRMEEobb9fmzUe/reviews,??????,1097,https://jp.mercari.com/shops/product/NXh88BVjUszK3bQfJ2yoGV?source=shops_search,???????? LED??? 10? 8? ?? ?? ???? LED???????? LED?? ??? ???? ??? ???? ???? ????,"¥3,980",17,??????,????(?????),??(??????),???,2?3????
LED???,https://mercari-shops.com/shops/rD8GttAqUgWTstVN5CgWzD,https://mercari-shops.com/shops/rD8GttAqUgWTstVN5CgWzD/reviews,rabbit flower shop,3,https://jp.mercari.com/shops/product/ghCGYJqrjZkG4RMW9w25JL?source=shops_search,?????LED???????? ?????LED????????,"¥2,980",0,??????,????(?????),?????????,????,4?7????
LED???,https://mercari-shops.com/shops/waKfjvmcR3eg7r4eL3xS8b,https://mercari-shops.com/shops/waKfjvmcR3eg7r4eL3xS8b/reviews,Sundear ?????,688,https://jp.mercari.com/shops/product/BoJPMHTXfZTxBVDxJsdEH5?source=shops_search,FIRE FOX LED??????(??LED???),"¥1,755",0,??????,????(?????),??(??????),???,8?14????
LED???,https://mercari-shops.com/shops/DY7j97TuhsWyNyoaWDhLGh,https://mercari-shops.com/shops/DY7j97TuhsWyNyoaWDhLGh/reviews,????,1828,https://jp.mercari.com/shops/product/NXcMU9eeSyrrAu2SsDtNvm?source=shops_search,???????? led 8? ?? ?? LED??? ???:???? 30W,"¥2,497",6,??????,????(?????),??(??????),???,2?3????
LED???,https://mercari-shops.com/shops/rqRa2NmcgQ6s8iVYW6hCvB,https://mercari-shops.com/shops/rqRa2NmcgQ6s8iVYW6hCvB/reviews,??????,396,https://jp.mercari.com/shops/product/62MtjptGfDrfr2KpDdefxg?source=shops_search,FIRE FOX LED??????(??LED???),"¥1,755",0,??????,????(?????),??(??????),???,8?14????
LED???,https://mercari-shops.com/shops/a7heYvcHbcCzwob9Zz6cXB,https://mercari-shops.com/shops/a7heYvcHbcCzwob9Zz6cXB/reviews,??T????,40,https://jp.mercari.com/shops/product/hXtwnL2DtnKJHj8aJaS9GE?source=shops_search,LED??????????260 LED?????????????IP65??,"¥2,900",1,??????,????(?????),?????????,???,4?7????
LED???,https://mercari-shops.com/shops/q9iLQbb4UseCBpB73epm9Q,https://mercari-shops.com/shops/q9iLQbb4UseCBpB73epm9Q/reviews,K???????,1239,https://jp.mercari.com/shops/product/t7R4MmNVmnZLDDk8p99CHX?source=shops_search,??????? led ??? led ???????? E26 LED?? 5,"¥7,256",0,??????,????(?????),??(??????),???,2?3????
LED???,https://mercari-shops.com/shops/cwrDRW3EKTEAMnsM5LcjvJ,https://mercari-shops.com/shops/cwrDRW3EKTEAMnsM5LcjvJ/reviews,therapy~??????????~,207,https://jp.mercari.com/shops/product/CBHLyho62nsVFT5CpqSAEc?source=shops_search,???????? ?? ?????? ??? LED LED ????? ????? ????? ??? ?????LED??? ????? ??? LED?? ?????? (???????) LED???? 50?,"¥2,780",0,??????,????(?????),?????????,???,1?2????
LED???,https://mercari-shops.com/shops/gMAF9FD5XT9CQv5E2CUDGP,https://mercari-shops.com/shops/gMAF9FD5XT9CQv5E2CUDGP/reviews,MySHOP??????????????,181,https://jp.mercari.com/shops/product/HsZHtAViWfyJSsoKR4NkET?source=shops_search,???????50? LED???? ?????? LED?? ????? ?????LED??? LED ????? ????? LED ?????? ?? ?? ??? ????? ??? ??? (???????),"¥3,649",0,??????,????(?????),?????????,???,1?2????
LED???,https://mercari-shops.com/shops/zvKVujp3HErJReWm24jriA,https://mercari-shops.com/shops/zvKVujp3HErJReWm24jriA/reviews,SUNRISE market ?????,84,https://jp.mercari.com/shops/product/UiT7nPqCQEdyTCFdG3h2uM?source=shops_search,LED??? ?????? ????? LED USB ???? ?????? ????? ??? ?? ??????,"¥2,680",0,??????,????(?????),??(??????),???,1?2????
LED???,https://mercari-shops.com/shops/iLPEamyCRFmytg7Uz2HJMf,https://mercari-shops.com/shops/iLPEamyCRFmytg7Uz2HJMf/reviews,pk's??shop,12,https://jp.mercari.com/shops/product/buC6vAaQtyH5565KDaDfND?source=shops_search,???? LED???,"¥6,500",1,??????,????(?????),??(??????),???,2?3????
LED???,https://mercari-shops.com/shops/KSf6txZjp9kwAERrAAXuPW,https://mercari-shops.com/shops/KSf6txZjp9kwAERrAAXuPW/reviews,????Shop,47,https://jp.mercari.com/shops/product/AV3oZEDBhydd5PKUkje5dh?source=shops_search,?????? led ????? ??? led??? usb ??? led?????? ?? usb???,"¥5,570",0,??????,????(?????),??(??????),???,4?7????
LED???,https://mercari-shops.com/shops/Ywur3vNMq5b7sh8yGJSJyY,https://mercari-shops.com/shops/Ywur3vNMq5b7sh8yGJSJyY/reviews,ONE DROP ?????,1220,https://jp.mercari.com/shops/product/LBZMNfK3M7CCHgwy5TsccY?source=shops_search,LED?????? RGB ??? ??? Bluetooth APP?? ????? 1600?? led?????? led??? led led??? ??? ??? led?????? light for room 10m ????? [10????],"¥1,358",0,??????,????(?????),??(??????),???,8?14????
LED???,https://mercari-shops.com/shops/bYvZpQMsLTQmAeARMsYRPM,https://mercari-shops.com/shops/bYvZpQMsLTQmAeARMsYRPM/reviews,M&R????,391,https://jp.mercari.com/shops/product/g3mRB4dHUpJt7sXaj4Ap7d?source=shops_search,LED???? ???? COB??? ??????? LED??? ??? ????? USB?? LED??? ?? ??? ?? ??? ?? ?? ???? ???? LED??????? ???????? ?? ?? ???? ???? ?????,¥745,3,??????,????(?????),?????????,???,1?2????
LED???,https://mercari-shops.com/shops/TQA5vZMD5rNcsLZh6aac6Z,https://mercari-shops.com/shops/TQA5vZMD5rNcsLZh6aac6Z/reviews,Alice Shop,237,https://jp.mercari.com/shops/product/geR2hWCx9UumaNS36ZTk6W?source=shops_search,??? ????? led??? ??? ?????? led?? ??? ????? ??? LED ?? ??? ??? ??? led ?? ?? 30? ???????,"¥2,702",0,??????,????(?????),??(??????),???,4?7????
LED???,https://mercari-shops.com/shops/yX44xjvnHtSxJkorN988Z5,https://mercari-shops.com/shops/yX44xjvnHtSxJkorN988Z5/reviews,?????????,14391,https://jp.mercari.com/shops/product/sYnhg7mksr7EmZXf59Lrhh?source=shops_search,LED??????? «????» ?????? ???? ??? ???? ????? ?????? LED???[??????????]mer001,¥510,19,??????,????(?????),??(??????),???,4?7????
LED???,https://mercari-shops.com/shops/kp3jRg9i94vwNmcpGthzAC,https://mercari-shops.com/shops/kp3jRg9i94vwNmcpGthzAC/reviews,????????? ?????,1607,https://jp.mercari.com/shops/product/6puFg5tyvjSmNWfvQRsXsG?source=shops_search,LED??? ???? ????LED SS600 ????,"¥4,800",2,??????,????(?????),?????????,???,1?2????
LED???,https://mercari-shops.com/shops/ZuBAYPm8NuS8pMxK7nmQGb,https://mercari-shops.com/shops/ZuBAYPm8NuS8pMxK7nmQGb/reviews,??????,1653,https://jp.mercari.com/shops/product/wiNwT63PhpPPtScBbiQvmG?source=shops_search,???????????? ??? ?? ?? ?????? ??? LED LED ????? ??? ????? ?????LED??? ????? LED?? (???????) ?????? LED???? 50?,"¥2,347",0,??????,????(?????),??(??????),???,4?7????
LED???,https://mercari-shops.com/shops/qjivHHgVAqQaEMDxqCHDfH,https://mercari-shops.com/shops/qjivHHgVAqQaEMDxqCHDfH/reviews,Moon?(?????),297,https://jp.mercari.com/shops/product/trwvVXgwL3bBeLwKUBDQcY?source=shops_search,LED??? ????? E26? ??? ??????????? LED??,"¥3,852",0,??????,???(?????),??(??????),???,4?7????
LED???,https://mercari-shops.com/shops/ZZs8eGXFJwXuUJvrgCFxad,https://mercari-shops.com/shops/ZZs8eGXFJwXuUJvrgCFxad/reviews,MIHARU????,198,https://jp.mercari.com/shops/product/ESeEXLjF5UXe3QmFQjk5t4?source=shops_search,LED?????? ????????? ???? 10?LED?? USB??,"¥1,668",6,??????,????(?????),??(??????),???,2?3????
LED???,https://mercari-shops.com/shops/6THYehMtindQfCmjFA5ZFd,https://mercari-shops.com/shops/6THYehMtindQfCmjFA5ZFd/reviews,HonestHeart(?????!),33,https://jp.mercari.com/shops/product/iZrgjtgqLbwp2yP9rJXx6V?source=shops_search,???LED?????? LED??? ?????? ??? COB???,"¥1,875",0,??????,????(?????),??(??????),???,4?7????
LED???,https://mercari-shops.com/shops/o7q9Y3PuXsFh2FfZqkTWiM,https://mercari-shops.com/shops/o7q9Y3PuXsFh2FfZqkTWiM/reviews,SI-NEXT,4,https://jp.mercari.com/shops/product/QGeCBYwr7qQUscdKUVdQ6f?source=shops_search,LED ?????? ??? ????,¥960,1,??????,????(?????),?????????,???,1?2????
LED???,https://mercari-shops.com/shops/5ACFVtTCdMUAAPYULpdnLf,https://mercari-shops.com/shops/5ACFVtTCdMUAAPYULpdnLf/reviews,Lemon-Store(????|??),2845,https://jp.mercari.com/shops/product/X8UhGkPabjaRTA4ZXiyc9b?source=shops_search,??????? ?????? ????? LED??? ???? ????LED ?? ??????? ???,¥779,24,??????,????(?????),??(??????),???,2?3????
LED???,https://mercari-shops.com/shops/ap2nF6347w7C4zThU6XViR,https://mercari-shops.com/shops/ap2nF6347w7C4zThU6XViR/reviews,??????????~???????~,311,https://jp.mercari.com/shops/product/xRnM3mXB8EPrWx5CHchfiK?source=shops_search,??????LED ?????? LED ?? ????? ????? ?? ?????LED??? ??? ????? ????? LED?? ??? ?????? ??? LED???? (???????) 50?,"¥2,780",0,??????,????(?????),?????????,???,1?2????
LED???,https://mercari-shops.com/shops/morEp87niShoqsVYeoWnaL,https://mercari-shops.com/shops/morEp87niShoqsVYeoWnaL/reviews,???? ????Shops?,3446,https://jp.mercari.com/shops/product/CRxHthjM7xVB4HfbbXQKnn?source=shops_search,LED?????? RGB ??? ??? Bluetooth APP?? ????? 1600?? led?????? led??? led led??? ??? ??? led?????? light for room 10m ????? [10????],"¥1,358",0,??????,????(?????),??(??????),???,1?2????
LED???,https://mercari-shops.com/shops/agNoAEkgSgQpFMCs9g7VHm,https://mercari-shops.com/shops/agNoAEkgSgQpFMCs9g7VHm/reviews,????????,534,https://jp.mercari.com/shops/product/2VQuQvDeard4cipbLvDJPf?source=shops_search,LED ??????? LED??? ??????? ??? ?? ??? ??????? ????????? LED??? ?? ????,"¥1,980",0,??????,????(?????),??(??????),???,2?3????
LED???,https://mercari-shops.com/shops/N43zYMpkzSimMq6wRCwWXe,https://mercari-shops.com/shops/N43zYMpkzSimMq6wRCwWXe/reviews,SHOP JAPAN,3,https://jp.mercari.com/shops/product/xZMzn4njSL9yD3yXcBVMi3?source=shops_search,LED??????,¥800,2,??????,????(?????),?????????,???,1?2????
LED???,https://mercari-shops.com/shops/DgZaipKE949TQwKLYA6Fhi,https://mercari-shops.com/shops/DgZaipKE949TQwKLYA6Fhi/reviews,YUNA'SHOP,17,https://jp.mercari.com/shops/product/WnSzoHCZGVrfQHDy7225Db?source=shops_search,LED ???????? ??LED??? ?? ???????? 45W 8~,"¥12,980",0,??????,????(?????),?????????,???,2?3????
LED???,https://mercari-shops.com/shops/79kFsxW5bFJKwDnGx4j7Xm,https://mercari-shops.com/shops/79kFsxW5bFJKwDnGx4j7Xm/reviews,Yasuokaisabu(??????),1599,https://jp.mercari.com/shops/product/wjfc8qnZK2uUdncMxyYi77?source=shops_search,??????????? LED??? E26?? LED ??????? ???????? LED?? ???????? ???????? ???? ??? ???,"¥3,852",1,??????,????(?????),??(??????),????,4?7????
LED???,https://mercari-shops.com/shops/XQ38PBLCvbbVdrKmeGFSYb,https://mercari-shops.com/shops/XQ38PBLCvbbVdrKmeGFSYb/reviews,???????????????,654,https://jp.mercari.com/shops/product/3VtGdx9MXV8CJo8yDTYmVk?source=shops_search,???LED??????? LED ??? ?? ????,"¥2,208",0,??????,????(?????),??(??????),???,4?7????
LED???,https://mercari-shops.com/shops/hBLy7CBgjXazW7uC9jiq2Z,https://mercari-shops.com/shops/hBLy7CBgjXazW7uC9jiq2Z/reviews,????,965,https://jp.mercari.com/shops/product/8uHpq6WkwngUuZDtaQZxsA?source=shops_search,??? ??? LED ??? ???? ?? USB ??? LED??? ??? ???? ??????? ???? ?????? ??????? ??????? ??? ??????,"¥1,598",48,??????,????(?????),??(??????),???,1?2????
LED???,https://mercari-shops.com/shops/rw76VKwB5o6PyfE4ufzGka,https://mercari-shops.com/shops/rw76VKwB5o6PyfE4ufzGka/reviews,korigo-ri,192,https://jp.mercari.com/shops/product/pujEWsjk5S9sUgTaph7Hsk?source=shops_search,LED ??????????? 100LED 10m LED IP65?? 8????? ?????? ????? ???????? ???????? LED??????????? ?? ?? ???? ???????? ???????? led???????,"¥2,777",0,??????,????(?????),??(??????),???,1?2????
LED???,https://mercari-shops.com/shops/oSYyJoARuSi7s6yonDfXs7,https://mercari-shops.com/shops/oSYyJoARuSi7s6yonDfXs7/reviews,????,260,https://jp.mercari.com/shops/product/mC8ZYZ4iNGot4PAzUjz3LQ?source=shops_search,??????LED???/???LED??? ??????? ???????,¥990,0,??????,????(?????),??(??????),???,1?2????
LED???,https://mercari-shops.com/shops/QfMU7mvBBi5HpwgBfezKjT,https://mercari-shops.com/shops/QfMU7mvBBi5HpwgBfezKjT/reviews,BF-select,1568,https://jp.mercari.com/shops/product/it4bMmJEMuKGzLPDoWdfYP?source=shops_search,LED?????? RGB ??? ??? Bluetooth APP?? ????? 1600?? led?????? led??? led led??? ??? ??? led?????? light for room 10m ????? [10????],"¥1,358",0,??????,????(?????),??(??????),???,1?2????
LED???,https://mercari-shops.com/shops/XQhJoG9VB5ov9dXccqnYni,https://mercari-shops.com/shops/XQhJoG9VB5ov9dXccqnYni/reviews,H&S????,17,https://jp.mercari.com/shops/product/wqeUP5fGZ7abnyvj9o4jLP?source=shops_search,??????LED???,"¥2,750",1,????????,????(?????),?????????,???,2?3????
LED???,https://mercari-shops.com/shops/BPMNK9yCkZ4fFUbQXRCzen,https://mercari-shops.com/shops/BPMNK9yCkZ4fFUbQXRCzen/reviews,mer by Lit.,3,https://jp.mercari.com/shops/product/EfLJd6UPSSRpHFyfh7iCnS?source=shops_search,???????? LED??? LED???? ??????? ???????,"¥2,800",0,??????,????(?????),?????????,????,1?2????
LED???,https://mercari-shops.com/shops/6wHo7CLxXU2krdWwEkiLEF,https://mercari-shops.com/shops/6wHo7CLxXU2krdWwEkiLEF/reviews,popo??????????,352,https://jp.mercari.com/shops/product/vKxLmea3X2HTTPGhLfqZRJ?source=shops_search,???????? LED ??????????? ??????? 200LED?? LED 20m IP65?? 8????? ?????? ????? ???? ???????? LED??????????? ?? ?? ???????? cshare ??,"¥2,856",2,??????,????(?????),??(??????),???,2?3????
LED???,https://mercari-shops.com/shops/vXChxJtHjisZbJFdMxptNM,https://mercari-shops.com/shops/vXChxJtHjisZbJFdMxptNM/reviews,MocoShop,26,https://jp.mercari.com/shops/product/8yaVKheK6E5vMieZQXGQTL?source=shops_search,I032 4 LED RC????? RC LED???,"¥1,280",0,??????,????(?????),??(??????),???,2?3????
LED???,https://mercari-shops.com/shops/CTbV2K5TjFwgJugLwu46kB,https://mercari-shops.com/shops/CTbV2K5TjFwgJugLwu46kB/reviews,DD??@??????????????,28,https://jp.mercari.com/shops/product/PoDsyTLs2ZtSXzrPSffrG3?source=shops_search,2???? LED??????? LED??????? ?????? IP65?? ???? LED??? ????? ?????????,"¥3,311",0,??????,????(?????),??(??????),???,4?7????
LED???,https://mercari-shops.com/shops/UtsRUEnNXkZiawUWX5nLgY,https://mercari-shops.com/shops/UtsRUEnNXkZiawUWX5nLgY/reviews,??????????????a,144,https://jp.mercari.com/shops/product/sCvNpZ9PuLUPSzdoCHzeoe?source=shops_search,ABARTH HANDY LED ???,"¥3,750",3,??????,????(?????),?????????,???,1?2????
LED???,https://mercari-shops.com/shops/mU4ugsiKL7Y6Y94QqARSJR,https://mercari-shops.com/shops/mU4ugsiKL7Y6Y94QqARSJR/reviews,??????,3367,https://jp.mercari.com/shops/product/2iq7rPWU7uUKkbVQegHQT6?source=shops_search,LED???????? ???????? ledcl-WH40,"¥3,600",3,??????,????(?????),??(??????),???,2?3????
LED???,https://mercari-shops.com/shops/ytcy2VSUDP3xeBEG2fUZfi,https://mercari-shops.com/shops/ytcy2VSUDP3xeBEG2fUZfi/reviews,CHIWA Direct???????,1434,https://jp.mercari.com/shops/product/rvWABVqP7jdPpAq2Cvtv8Y?source=shops_search,???? LED??? ?? led ??? ??? ??????? ?? cob ??? ?? ?? ?? ????? usb ??,¥980,26,??????,????(?????),??(??????),???,1?2????
LED???,https://mercari-shops.com/shops/r3Jo2hJ4ipf3xM3AiMYwQ3,https://mercari-shops.com/shops/r3Jo2hJ4ipf3xM3AiMYwQ3/reviews,BLACKSCORPION???,371,https://jp.mercari.com/shops/product/MAE2822KM8QjnbWmBWFxyg?source=shops_search,LED???? ???? COB??? ??????? LED??? ??? ????? USB?? LED??? ?? ??? ?? ??? ?? ?? ???? ???? LED??????? ???????? ?? ?? ???? ???? ?????,¥745,2,??????,????(?????),?????????,???,1?2????
LED???,https://mercari-shops.com/shops/bz9cwHNzCHxgfyXpYdoh8G,https://mercari-shops.com/shops/bz9cwHNzCHxgfyXpYdoh8G/reviews,????????,1951,https://jp.mercari.com/shops/product/EpkMtwEmffnWrUoUkmbeDe?source=shops_search,?????? T10 T15 T16 LED ?????? ???????????? ????? ????????? ????? ????? led????? LED????????? LED?? ?? ??? LED??? ?? ?????? 4????,¥450,115,??????,????(?????),??(??????),???,1?2????
LED???,https://mercari-shops.com/shops/AGARpr7tTddgKNfppfZkU5,https://mercari-shops.com/shops/AGARpr7tTddgKNfppfZkU5/reviews,?????? ????????,42780,https://jp.mercari.com/shops/product/BgRzWfjRBJxDsZcMxqdbwU?source=shops_search,"nextlabel LED???????? LED??? ???? ???????? 24????(LED?????24?, Small)","¥1,480",0,??????,????(?????),??(??????),???,4?7????
LED???,https://mercari-shops.com/shops/mwqmeVFWQc6Ev4DMB3BGn6,https://mercari-shops.com/shops/mwqmeVFWQc6Ev4DMB3BGn6/reviews,?????,883,https://jp.mercari.com/shops/product/bMyWuMBjhkwZzGGVbzn2B6?source=shops_search,???? led ?? ?? led??? led???? ??????? ??? cob led??? ????????? ?? ??,"¥2,297",0,??????,????(?????),??(??????),???,4?7????
LED???,https://mercari-shops.com/shops/zHgCo9fGEweuSGsvhxsm43,https://mercari-shops.com/shops/zHgCo9fGEweuSGsvhxsm43/reviews,????????,95,https://jp.mercari.com/shops/product/c8DBncpmn9PvRZg7QTTvJQ?source=shops_search,LED??? LED???????? ?????? ?????????? ???,"¥1,960",0,??????,????(?????),??(??????),????,2?3????
LED???,https://mercari-shops.com/shops/QCbokK46HEJooHk74ERFaW,https://mercari-shops.com/shops/QCbokK46HEJooHk74ERFaW/reviews,??????,23,https://jp.mercari.com/shops/product/JzuEJjRpB3czrMFU7ndcwg?source=shops_search,LED???????,"¥15,000",1,??????,????(?????),??(??????),???,2?3????
LED???,https://mercari-shops.com/shops/fWYwfZhnBg6744sSKy9Zgg,https://mercari-shops.com/shops/fWYwfZhnBg6744sSKy9Zgg/reviews,TiAmo/??????????????,155,https://jp.mercari.com/shops/product/Ns7FsBHurUU5HtWsputuAH?source=shops_search,???????? ??? ??????? ??LED ??????? 102,"¥1,480",3,??????,????(?????),??(??????),???,1?2????
LED???,https://mercari-shops.com/shops/pDVKdcX86tELmAGRuMhWD7,https://mercari-shops.com/shops/pDVKdcX86tELmAGRuMhWD7/reviews,MAYACAT,43,https://jp.mercari.com/shops/product/ChHSLkaLKQ5nbmN62JN5bR?source=shops_search,????LED??? ??????????? ?? ??? ?????,¥880,2,??????,????(?????),??(??????),???,1?2????
LED???,https://mercari-shops.com/shops/mBQ35PVQGQAztmtqS5cQFN,https://mercari-shops.com/shops/mBQ35PVQGQAztmtqS5cQFN/reviews,????????????????,283,https://jp.mercari.com/shops/product/vp45bSGVaQrmQmBSYwKhph?source=shops_search,?????? ??? 4? 60cm LED???? ?? LED??? ???LED LED ?????? ???? ??????? ?????? ?????? ????? LED????? 4? 60??? 5cm 5???,"¥3,000",1,??????,????(?????),??(??????),???,1?2????
LED???,https://mercari-shops.com/shops/oUqW89hxtBJzpuzeA4tZf7,https://mercari-shops.com/shops/oUqW89hxtBJzpuzeA4tZf7/reviews,E?????,4060,https://jp.mercari.com/shops/product/ae9c7QFUiX4jRJcxdT5xiQ?source=shops_search,???????? ??????? 2???? ??????? ??? ???? ???? ?????? ???? ????? ?? ??????? ?? ?? LED LED???,"¥2,680",4,??????,????(?????),??(??????),???,1?2????
LED???,https://mercari-shops.com/shops/PE7bP5VSH9smHJBrvfbg3,https://mercari-shops.com/shops/PE7bP5VSH9smHJBrvfbg3/reviews,??????????? biotope,445,https://jp.mercari.com/shops/product/BEwzFqe6PQfkWqqcshT29W?source=shops_search,LEGO ????? ????? LED??? ??????,"¥1,782",2,??????,????(?????),??(??????),???,1?2????
LED???,https://mercari-shops.com/shops/BR6QXaRpWFNjGzakL5KgfZ,https://mercari-shops.com/shops/BR6QXaRpWFNjGzakL5KgfZ/reviews,??????????66%OFF???!,4579,https://jp.mercari.com/shops/product/3BfE2jY5M9pHMyzgNQC3H8?source=shops_search,"???? LED???????? 12? ?? ??????? CEA12D-5.0QCF ???????? LED????? ??? LED??? ?? ?? ???? ECOHiLUX ????????
???????? ???????","¥6,910",8,??????,????(?????),??(??????),???,2?3????
LED???,https://mercari-shops.com/shops/S4MqAHhEXka8hi5LRx5PQ4,https://mercari-shops.com/shops/S4MqAHhEXka8hi5LRx5PQ4/reviews,?????,337,https://jp.mercari.com/shops/product/Z4qtF5ieQ62GkFgqp33Uhk?source=shops_search,"????LED??? ???? LED ????? ???? ?????
????","¥5,900",2,??????,????(?????),?????????,???,1?2????
LED???,https://mercari-shops.com/shops/iUdKnrRtqrNd2u6uYPPgYS,https://mercari-shops.com/shops/iUdKnrRtqrNd2u6uYPPgYS/reviews,hacchi.8,1505,https://jp.mercari.com/shops/product/RC2fhJcYhNW88Rb9YVmhbC?source=shops_search,?? (ELPA) LED???????? LED??? ???? ??? ?,"¥2,207",1,??????,????(?????),??(??????),???,2?3????
LED???,https://mercari-shops.com/shops/RSR4SFCMGWoLVpqE8w5wCC,https://mercari-shops.com/shops/RSR4SFCMGWoLVpqE8w5wCC/reviews,???????Yama????,12,https://jp.mercari.com/shops/product/CG7BbwhhyTeJYiEpsBsokJ?source=shops_search,??????? led ??? ????? ???? ?????? ????? ?????? led??? ???? ??? ?,"¥1,680",1,??????,????(?????),?????????,???,2?3????
LED???,https://mercari-shops.com/shops/SQ8SicDQpZeMEGXpJBMXJ8,https://mercari-shops.com/shops/SQ8SicDQpZeMEGXpJBMXJ8/reviews,???? Shops,75,https://jp.mercari.com/shops/product/i3qhLCMfkCmfmKMQZaisHB?source=shops_search,LED ???????,"¥3,500",1,??????,????(?????),?????????,???,1?2????
LED???,https://mercari-shops.com/shops/daMvLvcpvziU8ePwW5Y3oM,https://mercari-shops.com/shops/daMvLvcpvziU8ePwW5Y3oM/reviews,????????,202,https://jp.mercari.com/shops/product/CC5Smc2cLWmgUfXi4t8uWZ?source=shops_search,??? ??? LED????????? 1LED 45648,"¥4,197",0,??????,????(?????),??(??????),????,2?3????
LED???,https://mercari-shops.com/shops/yZ5gYmHW8E8BjGDnAvzaL4,https://mercari-shops.com/shops/yZ5gYmHW8E8BjGDnAvzaL4/reviews,??????????????SHOP,5819,https://jp.mercari.com/shops/product/tUQGtrg4NimmcTSCzmdzgM?source=shops_search,FFLED LENSER LED???????? ???? ??????? M7R ????,"¥5,830",1,??????????,????(?????),??(??????),???,4?7????
LED???,https://mercari-shops.com/shops/T35DRrQAV3B9mrC9nJtX6S,https://mercari-shops.com/shops/T35DRrQAV3B9mrC9nJtX6S/reviews,Good?,2464,https://jp.mercari.com/shops/product/LBXdvv8aidsG36DgEaFkLj?source=shops_search,??????????? LED?? LED??? ????? E26? ???,"¥3,852",0,??????,????(?????),??(??????),???,4?7????
LED???,https://mercari-shops.com/shops/jv9aVSwYFTrc7yDkjf2HoH,https://mercari-shops.com/shops/jv9aVSwYFTrc7yDkjf2HoH/reviews,wrirc,41,https://jp.mercari.com/shops/product/YCQzUanR8pWQSPAjE4NkqE?source=shops_search,???????????? led ????? ????? LED??? UV???,"¥1,000",0,??????,????(?????),??(??????),???,1?2????
LED???,https://mercari-shops.com/shops/PAhSWfKM9zLSBD8EzQ2nKf,https://mercari-shops.com/shops/PAhSWfKM9zLSBD8EzQ2nKf/reviews,??????,456,https://jp.mercari.com/shops/product/8vzXGxWboTqsMtB4dxeRx6?source=shops_search,LED???????? ????? ???????? ?????????????,"¥1,180",15,??????,????(?????),??(??????),???,1?2????
LED???,https://mercari-shops.com/shops/VXy8T4SoGFwGtHW5DDxnif,https://mercari-shops.com/shops/VXy8T4SoGFwGtHW5DDxnif/reviews,Ishare,25,https://jp.mercari.com/shops/product/zJ7pMWBF23B45uuKs3Pinj?source=shops_search,LED??????? ???????? 3M,"¥1,500",1,??????,????(?????),??(??????),???,1?2????
LED???,https://mercari-shops.com/shops/f4JHfCwS8edNDdAqspspQC,https://mercari-shops.com/shops/f4JHfCwS8edNDdAqspspQC/reviews,??????????,133,https://jp.mercari.com/shops/product/CrsCaqDQjEUGAtQzvA3cvM?source=shops_search,???? led ?? ?? led??? led???? ??????? ??? cob led??? ????????? ?? ??,"¥2,680",0,??????,????(?????),??(??????),???,4?7????
LED???,https://mercari-shops.com/shops/2gBueTU4sQqNzaMLdniUSF,https://mercari-shops.com/shops/2gBueTU4sQqNzaMLdniUSF/reviews,????,495,https://jp.mercari.com/shops/product/yyq5jZ2TDWgEG9snRbwVaT?source=shops_search,LED????????20W ~6? LED?????,"¥1,700",0,????????,????(?????),?????????,???,2?3????
LED???,https://mercari-shops.com/shops/DWEtxrmwxWHhJyfJ9hUYNf,https://mercari-shops.com/shops/DWEtxrmwxWHhJyfJ9hUYNf/reviews,tomSmile:),52,https://jp.mercari.com/shops/product/iyXE7T4vAByDos95DHxg7k?source=shops_search,Energizer LED??? PMHT2L,"¥1,999",1,??????,????(?????),?????????,???,2?3????
LED???,https://mercari-shops.com/shops/YQybFWcyRkk6VwVh6QZKSa,https://mercari-shops.com/shops/YQybFWcyRkk6VwVh6QZKSa/reviews,kirara?,40,https://jp.mercari.com/shops/product/kWrscppmY8Qre9Ybacvwo?source=shops_search,LED ???????? ???? LED???35W 8~10? ???,"¥7,999",1,??????,????(?????),?????????,????,2?3????
LED???,https://mercari-shops.com/shops/mErtYGPazPxLVBwgVZH4Ae,https://mercari-shops.com/shops/mErtYGPazPxLVBwgVZH4Ae/reviews,???????????,993,https://jp.mercari.com/shops/product/jKRBnAm2K3GEJF7jVBeAa4?source=shops_search,"??? LED??????? LED-AC3042 0201972
???","¥7,370",1,??????,????(?????),??(??????),???,4?7????
LED???,https://mercari-shops.com/shops/tukrypCBeZzXGqhZaUFe7G,https://mercari-shops.com/shops/tukrypCBeZzXGqhZaUFe7G/reviews,@MIRAI,1063,https://jp.mercari.com/shops/product/ydcWrfWS4Ad5rT6AUieRdm?source=shops_search,LED??????? 3m 5m ??????? LED???? ???? ?? ??? ? LED ?????? ?????????,"¥1,722",1,??????,???(?????),??(??????),???,8?14????
LED???,https://mercari-shops.com/shops/F57xGSTH8SeULa5AsuvAKh,https://mercari-shops.com/shops/F57xGSTH8SeULa5AsuvAKh/reviews,? Ennui life ?,26,https://jp.mercari.com/shops/product/4GSRPWsviaXPoQXDLfBVPk?source=shops_search,LED ?? ????? ?????? LED ?????? ???? LED????? ?????????? ??LED ?? ????,"¥2,398",0,??????,????(?????),?????????,???,2?3????
LED???,https://mercari-shops.com/shops/Cxaf8uJdGKPQiDTqQNFy9S,https://mercari-shops.com/shops/Cxaf8uJdGKPQiDTqQNFy9S/reviews,??in???????,770,https://jp.mercari.com/shops/product/fSeTJ9RwvpgwouHeys7vd?source=shops_search,LED??? ????? ????? LED???LED????4??X3???CREE? POWER???TL1-GENTLEMAN,"¥2,720",0,??????,????(?????),??(??????),???,4?7????
LED???,https://mercari-shops.com/shops/TxMMZAxvVkDcEoYPCteK7j,https://mercari-shops.com/shops/TxMMZAxvVkDcEoYPCteK7j/reviews,?????,488,https://jp.mercari.com/shops/product/ugKGCTebQ2cWjiFREGosJX?source=shops_search,LED??? ??????? ?????? ????? ?? EX502019,¥498,7,??????,????(?????),??(??????),???,2?3????
LED???,https://mercari-shops.com/shops/8yxjBusaPszqoWtfYxofbm,https://mercari-shops.com/shops/8yxjBusaPszqoWtfYxofbm/reviews,SUNABA,57,https://jp.mercari.com/shops/product/JR8PDnXizKoYLUwBdNYSaU?source=shops_search,LED??? LED???????? ?????? ?????????? ???,"¥2,280",0,??????,????(?????),??(??????),????,2?3????
LED???,https://mercari-shops.com/shops/3X2wBL7DbzS7ruhWJkW7zk,https://mercari-shops.com/shops/3X2wBL7DbzS7ruhWJkW7zk/reviews,???????????,478,https://jp.mercari.com/shops/product/TrDC8X6zsxez4Guo2bu6th?source=shops_search,?????? LED ???? ??? int20083,"¥2,091",10,??????,????(?????),??(??????),???,4?7????
LED???,https://mercari-shops.com/shops/mqC5CVjFuHfEXSnbgofHt5,https://mercari-shops.com/shops/mqC5CVjFuHfEXSnbgofHt5/reviews,??????,656,https://jp.mercari.com/shops/product/weP9dUSY5EsTkNtm7yY3dh?source=shops_search,LED??????????? ???????? ?? ????? ?????? ?? 8????? IP65?? ???????? ???????? 20m ???????? 200LED?? ??????????? led??????? LED LED ??,"¥3,000",0,??????,????(?????),??(??????),???,1?2????
LED???,https://mercari-shops.com/shops/gwpggz62PXZLPNEND6Rk3U,https://mercari-shops.com/shops/gwpggz62PXZLPNEND6Rk3U/reviews,????????,7,https://jp.mercari.com/shops/product/qvkQ4dxL3Yi4UhBvDkoofN?source=shops_search,????? LED??? ???,"¥7,999",1,??????,????(?????),?????????,???,2?3????
LED???,https://mercari-shops.com/shops/5zxNFH3gU92SRj4uAcQUZW,https://mercari-shops.com/shops/5zxNFH3gU92SRj4uAcQUZW/reviews,ASCRISS???????,276,https://jp.mercari.com/shops/product/vfV5szvdvVSVt6rqKscExH?source=shops_search,Petilet ???LED???????? ???LED??? UV???,"¥1,490",1,??????,????(?????),??(??????),???,1?2????
LED???,https://mercari-shops.com/shops/Bc5ow7qs6CdYdH9RckJRWa,https://mercari-shops.com/shops/Bc5ow7qs6CdYdH9RckJRWa/reviews,POLON,6,https://jp.mercari.com/shops/product/ZHYNHDGuoUqVQRpLcz2qXn?source=shops_search,LED????????,"¥2,780",1,??????,????(?????),??(??????),???,2?3????
LED???,https://mercari-shops.com/shops/uMVszuxutJqiFwLbdWJEbD,https://mercari-shops.com/shops/uMVszuxutJqiFwLbdWJEbD/reviews,Chez chiii,6,https://jp.mercari.com/shops/product/L4KvkpX4GPLsFruCo3nFQH?source=shops_search,??? LED ?????? ??? LED LED??? ??????,"¥1,480",0,??????,????(?????),??(??????),???,2?3????
LED???,https://mercari-shops.com/shops/xG7SJkCeKAnm6Jb5n6tvcJ,https://mercari-shops.com/shops/xG7SJkCeKAnm6Jb5n6tvcJ/reviews,????IS??????????????,85,https://jp.mercari.com/shops/product/URCg9fYoSibTvnVMhRUDgL?source=shops_search,??????? ?? ??????? ???? ??? ??????? ?? ???? ??LED ??LED ?????,"¥2,280",0,??????????,????(?????),??(??????),???,1?2????
LED???,https://mercari-shops.com/shops/uzpJeQJu8F6g7BSwADnEoa,https://mercari-shops.com/shops/uzpJeQJu8F6g7BSwADnEoa/reviews,s shop,5,https://jp.mercari.com/shops/product/mh3RNoeHp5ZiPBZyqYjxwA?source=shops_search,LED???,¥580,0,??????,????(?????),??(??????),???,4?7????
LED???,https://mercari-shops.com/shops/nsgfhnspNL2GwWeDgQis6e,https://mercari-shops.com/shops/nsgfhnspNL2GwWeDgQis6e/reviews,?????,951,https://jp.mercari.com/shops/product/MeKZPXdvzs2n9VYmxtNuQ?source=shops_search,????????LED????cshare ???? LED ???????? ??????? LED ??????????? 200LED?? 20m IP65?? 8????? ?????? ????? ???????? LED??????????? ??,"¥2,829",1,??????,????(?????),??(??????),????,1?2????
LED???,https://mercari-shops.com/shops/q5T8ZVTNzhSQ9kaf2MmsN4,https://mercari-shops.com/shops/q5T8ZVTNzhSQ9kaf2MmsN4/reviews,??????????????,16,https://jp.mercari.com/shops/product/8KkjKR6bD5ANupFTnLv4m7?source=shops_search,? led?????? ??????,"¥1,580",10,??????,????(?????),??(??????),???,2?3????
LED???,https://mercari-shops.com/shops/hTE7GUaYBariuoL3uwB7dZ,https://mercari-shops.com/shops/hTE7GUaYBariuoL3uwB7dZ/reviews,neo store,896,https://jp.mercari.com/shops/product/5Saj8qr9UrE767wcWNPJxX?source=shops_search,??????? LED???5??? ?????? IP65?? 270led,"¥1,890",1,??????,????(?????),??(??????),???,1?2????
LED???,https://mercari-shops.com/shops/Ls53LjPnUnmNnHNaLGcqok,https://mercari-shops.com/shops/Ls53LjPnUnmNnHNaLGcqok/reviews,O-Jo.online,85,https://jp.mercari.com/shops/product/hwApEKttctMcsNfBa7DJ4E?source=shops_search,????????????????? 100LED LED 10m IP65?? 8????? ?????? LED ????? ???????? LED??????????? ???????? ?? ?? ???????? ???? ???????? led?,"¥1,788",0,??????,????(?????),??(??????),???,2?3????
LED???,https://mercari-shops.com/shops/DzLJDUiYbxWESN279tGECJ,https://mercari-shops.com/shops/DzLJDUiYbxWESN279tGECJ/reviews,JapanShop,2180,https://jp.mercari.com/shops/product/scGMQBpQ3hU5oPKzciL75T?source=shops_search,????????LED????cshare ???? LED ???????? ??????? LED ??????????? 200LED?? 20m IP65?? 8????? ?????? ????? ???????? LED??????????? ??,"¥2,835",1,??????,????(?????),??(??????),????,1?2????
LED???,https://mercari-shops.com/shops/3fGLS44ZsSMSa9eMDvFNeG,https://mercari-shops.com/shops/3fGLS44ZsSMSa9eMDvFNeG/reviews,????????,106,https://jp.mercari.com/shops/product/33az54CY8fUMF4AFrD9TST?source=shops_search,COB LED ?????? LED ???? ??? ????? ?????? ??????,¥777,0,??????,????(?????),??(??????),???,1?2????
LED???,https://mercari-shops.com/shops/pyTui6Bq5sJcUcCZWgk5Bd,https://mercari-shops.com/shops/pyTui6Bq5sJcUcCZWgk5Bd/reviews,???shop,154,https://jp.mercari.com/shops/product/4CdcvgtBHGG9snUDuRh8VB?source=shops_search,??? ??? LED????????? 1LED 45648,"¥4,197",0,??????,????(?????),??(??????),???,2?3????
LED???,https://mercari-shops.com/shops/bWo4ZjhccSogRJUqjUxnPN,https://mercari-shops.com/shops/bWo4ZjhccSogRJUqjUxnPN/reviews,JCESHOP1,197,https://jp.mercari.com/shops/product/W6xaALfMocfcYoUE9pSYrN?source=shops_search,?????? ????? ?? ????? ?????? ??????? led ??? ??? usb ????? led??? ?? ??????,"¥2,255",2,??????,????(?????),??(??????),???,2?3????
LED???,https://mercari-shops.com/shops/Rkmhymfijar5VYxXasrGgJ,https://mercari-shops.com/shops/Rkmhymfijar5VYxXasrGgJ/reviews,???????? ???????,88,https://jp.mercari.com/shops/product/wFYRi2kyWyyjDJbXYJxcf7?source=shops_search,???? LED??? 3???? ??? 16? LED??? ??????,¥428,4,??????,????(?????),?????????,???,1?2????
LED???,https://mercari-shops.com/shops/sHXtMapgaytQC3ZDunzJbR,https://mercari-shops.com/shops/sHXtMapgaytQC3ZDunzJbR/reviews,NEXTWORLD,8211,https://jp.mercari.com/shops/product/BUJKNjW24hipwAR8P9ggCf?source=shops_search,??????????????? ??? ??? ??? ???? LED ?? ?? ?? ?? ??????? LED??? ?????? LED?????? ?????? 2???? ?????? ?RZ-SOLATAIL,¥860,4,??????,????(?????),??(??????),???,1?2????
LED???,https://mercari-shops.com/shops/aEoJhv5Ns7WAqRxNCGJq9Y,https://mercari-shops.com/shops/aEoJhv5Ns7WAqRxNCGJq9Y/reviews,Sirius,568,https://jp.mercari.com/shops/product/e9dM4uYQ6vzKFmRu3f2mTF?source=shops_search,???? led ?? ?? led??? led???? ??????? ??? cob led??? ????????? ?? ??,"¥2,299",0,??????,????(?????),??(??????),???,4?7????
LED???,https://mercari-shops.com/shops/iJtAiPNQqgLio8Q88DKYHA,https://mercari-shops.com/shops/iJtAiPNQqgLio8Q88DKYHA/reviews,??????,86,https://jp.mercari.com/shops/product/QFdDDy7rjVCS2M6KvgJkLb?source=shops_search,??? LED ??? ??? ???? USB ?? ??? ??? ?? ? ? ??? ???? LED??? ?????? ?????? ???????,"¥1,480",4,??????,????(?????),?????????,???,1?2????
LED???,https://mercari-shops.com/shops/cBafW5oYomQXCKa6wn5q6G,https://mercari-shops.com/shops/cBafW5oYomQXCKa6wn5q6G/reviews,??LED???????,3,https://jp.mercari.com/shops/product/MTzpCA5PVedV7jbF6CRqxA?source=shops_search,??? LED LED??? ?????? LED?????? 12v 24v 180w ?? ??? ???????? ??????? ?? ?? ???,"¥11,500",1,??????,????(?????),??(??????),???,1?2????
LED???,https://mercari-shops.com/shops/G3wEwYUzYNEJJTGrLTVjNd,https://mercari-shops.com/shops/G3wEwYUzYNEJJTGrLTVjNd/reviews,uru?????,8,https://jp.mercari.com/shops/product/8DsHKQvo4GfQAmVQRbRQhe?source=shops_search,????? LED??? ???? ???????? ?? LED ?? ???,"¥1,200",0,??????,????(?????),?????????,???,1?2????
LED???,https://mercari-shops.com/shops/2sGPCSf49m4DsSqPAkWYmN,https://mercari-shops.com/shops/2sGPCSf49m4DsSqPAkWYmN/reviews,sanashops,765,https://jp.mercari.com/shops/product/E2NTcyv45qUbESshTmRkGX?source=shops_search,??? ?????? uv ????? led??? led??? ?? led ??? ??? ??? uv??? ???? ????? ????? ?????? ?????? LULUGEL (WHITE),"¥2,547",0,??????,????(?????),??(??????),???,1?2????
LED???,https://mercari-shops.com/shops/jydm7WuQkeqEpFw7CwtjFU,https://mercari-shops.com/shops/jydm7WuQkeqEpFw7CwtjFU/reviews,????????,47,https://jp.mercari.com/shops/product/xjL94CWxtGv6LtQPijwL2j?source=shops_search,LULUGEL ?????? ???? ??? led??? ??? ????? ?????? ??? uv led??? ?? led ??? uv??? ????? ????? ?????? (PINK),"¥3,520",0,??????,????(?????),??(??????),???,4?7????
LED???,https://mercari-shops.com/shops/E3gQqtx4g6ZttzhrzxV8uT,https://mercari-shops.com/shops/E3gQqtx4g6ZttzhrzxV8uT/reviews,?????,130,https://jp.mercari.com/shops/product/z9aYm3iNXikzZtWgasEWR?source=shops_search,??? ?????? ????? ???? LED ???????,¥680,5,??????,????(?????),??(??????),???,1?2????
LED???,https://mercari-shops.com/shops/Kdtu7P93aSEG6NqkCiEu6Q,https://mercari-shops.com/shops/Kdtu7P93aSEG6NqkCiEu6Q/reviews,?????????????,156,https://jp.mercari.com/shops/product/9B9WHwZMMpvRJFeZ2nGMYo?source=shops_search,??? ??? LED????????? 1LED 45648,"¥4,823",0,??????,????(?????),??(??????),???,4?7????
LED???,https://mercari-shops.com/shops/5QG8JEbz7AJcMMyCv2vCBY,https://mercari-shops.com/shops/5QG8JEbz7AJcMMyCv2vCBY/reviews,?????????,68,https://jp.mercari.com/shops/product/PE75Fi5A99qrbyCWEgN3EX?source=shops_search,LED?????? ??????? ???????? ?LED???????? LED???? ???? ??? ??? ?,"¥5,600",0,??????,????(?????),??(??????),???,4?7????
LED???,https://mercari-shops.com/shops/SQBGharYB2S9wVHJ9nbLBg,https://mercari-shops.com/shops/SQBGharYB2S9wVHJ9nbLBg/reviews,Lucky,320,https://jp.mercari.com/shops/product/8ciT7QqdKGLeVgXWDQTKdP?source=shops_search,??????? LED ?????? UV????,¥930,3,??????,????(?????),??(??????),???,1?2????
LED???,https://mercari-shops.com/shops/j2LkAJVuiXsnnNG6eJ2Raf,https://mercari-shops.com/shops/j2LkAJVuiXsnnNG6eJ2Raf/reviews,???????,22,https://jp.mercari.com/shops/product/Vimm8s9byhchvULnmbB3gD?source=shops_search,LED???,"¥3,500",0,??????,????(?????),??(??????),???,2?3????
LED???,https://mercari-shops.com/shops/49A7SChsjLeEBcyqrjJYsF,https://mercari-shops.com/shops/49A7SChsjLeEBcyqrjJYsF/reviews,upikumu garden,22,https://jp.mercari.com/shops/product/d8CLLtM4wYTPrfANVCAA4A?source=shops_search,?led??? ????? ?????? ????? led??????????????,"¥3,600",0,??????,????(?????),??(??????),???,4?7????
LED???,https://mercari-shops.com/shops/X6s8aAwE7DWTAzArfSDSJP,https://mercari-shops.com/shops/X6s8aAwE7DWTAzArfSDSJP/reviews,?????????,3,https://jp.mercari.com/shops/product/kp3te3kWPHEK3L8PzMgrKF?source=shops_search,????????? ? LED??? ?? LED???,"¥2,399",0,??????,????(?????),?????????,???,2?3????
LED???,https://mercari-shops.com/shops/DvXZoyFmPDVroCjBd8Gi4n,https://mercari-shops.com/shops/DvXZoyFmPDVroCjBd8Gi4n/reviews,ASE WORLD,235,https://jp.mercari.com/shops/product/HpAqV35t3sDHgvkEi34jc7?source=shops_search,???LED??? ??? ??? ????? ???? ??LED????? ???????? ????? Rk289?NKPB?,¥877,5,??????,????(?????),??(??????),???,1?2????
LED???,https://mercari-shops.com/shops/PaniqWpqbePdcWLB5jSQhT,https://mercari-shops.com/shops/PaniqWpqbePdcWLB5jSQhT/reviews,spookyy,488,https://jp.mercari.com/shops/product/rLoxmsQwbEptVMg3hrAeom?source=shops_search,??????LED?????????????? ?? ??????? ????? LED??? ?? ??? LED ???? BPLM-04 ? ?????(Bigman) ?? ?? ?????? ?? ??LED???,"¥2,342",0,??????,????(?????),??(??????),???,2?3????
LED???,https://mercari-shops.com/shops/vwv6RwwWfgrm5z53TdwTGo,https://mercari-shops.com/shops/vwv6RwwWfgrm5z53TdwTGo/reviews,TOQTOQ SHOP,160,https://jp.mercari.com/shops/product/RPat9ZekGbLthkgUsT3V3n?source=shops_search,???????? ?? ??? ??? ??? ?? DIY ???? ??LED??? ??LED ?? ??? LED? ??? ??? ???? ????? 30?? ???? ??? ??? ?? led DIY ????? ??????? ??? L,"¥1,554",4,??????,????(?????),??(??????),????,2?3????
LED???,https://mercari-shops.com/shops/JEhg4MQiUTNdJnuhpWFCHa,https://mercari-shops.com/shops/JEhg4MQiUTNdJnuhpWFCHa/reviews,Aibee???????????????,2953,https://jp.mercari.com/shops/product/t8cFFAVpjYkrCxR6zarJbK?source=shops_search,???????? ??????? 2???? ??????? ??? ???? ???? ?????? ???? ????? ?? ??????? ?? ?? LED LED???,"¥2,680",1,??????,????(?????),??(??????),???,1?2????
LED???,https://mercari-shops.com/shops/TQ8x9TRAYBnVRUyZ4ficZh,https://mercari-shops.com/shops/TQ8x9TRAYBnVRUyZ4ficZh/reviews,???????????????,5111,https://jp.mercari.com/shops/product/dgFsrgzzhSRWMsYpuFajM?source=shops_search,Kratax ???? ???????? ?? led??? ?? IPX7 ?? ?? LED??? ?????? led???????? USB??????600???? 7????? ?? ??,"¥1,200",1,??????,????(?????),?????????,???,2?3????
LED???,https://mercari-shops.com/shops/H75qyapUfXQTyg5F6TH7sY,https://mercari-shops.com/shops/H75qyapUfXQTyg5F6TH7sY/reviews,???? ?????,5,https://jp.mercari.com/shops/product/xA2imhdayjziWZum7dCyPS?source=shops_search,???????????????? ????? ? ??????????? ??????? ???? ?? LED??? LED ??????? ???? ?? ????LED ??????????? ?? ?,"¥1,800",0,??????,????(?????),??(??????),???,1?2????
LED???,https://mercari-shops.com/shops/LEnT3SYgJeBwM5RMSG4oYR,https://mercari-shops.com/shops/LEnT3SYgJeBwM5RMSG4oYR/reviews,??LAB ?????????????,218,https://jp.mercari.com/shops/product/MWFieZVKheT8XJbo2b6Qo?source=shops_search,????????? ?????? 3m led?????? ? ???????? ??????? LED??? ?? LED??? ??EL????,"¥1,380",0,??????,????(?????),??(??????),????,1?2????
LED???,https://mercari-shops.com/shops/3F94Vkbc7fgZVDu9Xf9xx9,https://mercari-shops.com/shops/3F94Vkbc7fgZVDu9Xf9xx9/reviews,???,118,https://jp.mercari.com/shops/product/PMiWXmC4TiRXDU9piEy82E?source=shops_search,LED???,¥700,0,??????,????(?????),?????????,???,2?3????
LED???,https://mercari-shops.com/shops/7cuG9w3CmzXC5RvaUq5AhF,https://mercari-shops.com/shops/7cuG9w3CmzXC5RvaUq5AhF/reviews,Glitter,38,https://jp.mercari.com/shops/product/4uNqcmkdxd46aCS4Qq32kf?source=shops_search,???? led ?? ?? led??? led???? ??????? ??? cob led??? ????????? ?? ??,"¥3,120",0,??????,????(?????),??(??????),???,2?3????
LED???,https://mercari-shops.com/shops/nvJYQSPQVFFruRUgGcq6jm,https://mercari-shops.com/shops/nvJYQSPQVFFruRUgGcq6jm/reviews,???????,1020,https://jp.mercari.com/shops/product/ASTkxKnQp32Z7evK3Z4ndM?source=shops_search,???? LED???? SMILE LED LANTERN ??????,"¥1,630",1,??????,????(?????),??(??????),???,1?2????
LED???,https://mercari-shops.com/shops/2M3crpanPGAFKByqmSN8KB,https://mercari-shops.com/shops/2M3crpanPGAFKByqmSN8KB/reviews,?????shops,231,https://jp.mercari.com/shops/product/myifyKvRUCCSyqt67dCJKS?source=shops_search,??????????? LED??????? ??? ?????? LED??? ???? ???? ?? LED??????? ?? ?? SG2-H570,"¥5,100",0,??????,????(?????),??(??????),???,8?14????
LED???,https://mercari-shops.com/shops/rjXJKFt4vK9GYEzH9z8qTe,https://mercari-shops.com/shops/rjXJKFt4vK9GYEzH9z8qTe/reviews,??????? ?????,192,https://jp.mercari.com/shops/product/vbq4cxwLkHJBvtXhCEvyda?source=shops_search,?????????? L??? LED???? LED??? 1188,"¥3,980",0,??????,????(?????),??(??????),???,1?2????
LED???,https://mercari-shops.com/shops/LWbrnJceJNzfbNhN8zRvTB,https://mercari-shops.com/shops/LWbrnJceJNzfbNhN8zRvTB/reviews,outstand ?????,82,https://jp.mercari.com/shops/product/DRhcudAgQwDT25iEbh6irV?source=shops_search,outstand ?????????? L??? LED???? LED???,"¥2,680",0,??????,????(?????),??(??????),???,1?2????
LED???,https://mercari-shops.com/shops/XhcNRxE6tNorGcGSbb3brA,https://mercari-shops.com/shops/XhcNRxE6tNorGcGSbb3brA/reviews,?????moon,63,https://jp.mercari.com/shops/product/dhfgRMTD7gNZ7vy9zCZGxg?source=shops_search,LED???????? 12???? ??? ??????????? ???????? ??? ???????? led ????? ?? LIHAO ???????? led??? ??,"¥2,454",0,??????,????(?????),??(??????),???,1?2????
LED???,https://mercari-shops.com/shops/r3LHuBf5ofYzXtjznpkBE7,https://mercari-shops.com/shops/r3LHuBf5ofYzXtjznpkBE7/reviews,E.S shop,594,https://jp.mercari.com/shops/product/w8dqxdbmyRw7nJQwjCP5DK?source=shops_search,???????????? 8????? ????? IP65?? ???????? 20m LED??????????? 200LED?? ?? ??????????? ?? LED ???????? ???????? ???????? LED led????,"¥5,000",0,??????,????(?????),?????????,???,4?7????
LED???,https://mercari-shops.com/shops/7UWjbr9k3ahhcbeHJ7GSWa,https://mercari-shops.com/shops/7UWjbr9k3ahhcbeHJ7GSWa/reviews,?? ????,239,https://jp.mercari.com/shops/product/FyRSsem8t7Dg7ieo2pqbsK?source=shops_search,LED???L8star LED??????2m TV??????,"¥2,380",0,??????,????(?????),?????????,????,1?2????
LED???,https://mercari-shops.com/shops/wcBuLTtVyJojTn8UF8LL8Y,https://mercari-shops.com/shops/wcBuLTtVyJojTn8UF8LL8Y/reviews,????????,81,https://jp.mercari.com/shops/product/WfUzi3BeMwtT8YTEWnvMQA?source=shops_search,???led????????led??? ???? ????????????2????????? ????? ??????360°???????led usb ?????????? led ??? ????? ??????????,"¥2,454",0,??????,????(?????),??(??????),???,2?3????
LED???,https://mercari-shops.com/shops/SdE28tjKqBLyPUMvX9XaR5,https://mercari-shops.com/shops/SdE28tjKqBLyPUMvX9XaR5/reviews,MGS?????,8,https://jp.mercari.com/shops/product/PATdNe7odyr4KQVoWMg3ec?source=shops_search,???? LPL LED??? LED????? VLP-9000XD L26981,"¥89,563",0,????????,????(?????),??(??????),???,4?7????
LED???,https://mercari-shops.com/shops/YgWHu39Sg3QvjPrJXmoDph,https://mercari-shops.com/shops/YgWHu39Sg3QvjPrJXmoDph/reviews,?PenPen SHOP?,4156,https://jp.mercari.com/shops/product/yGceucZHFuSJtjb7yjfMzj?source=shops_search,LED?????? RGB ????????? 4M LED???????? DIY ???? ???? ???? led??? USB? ?????? ??????(?1056944-B126.4),¥888,1,??????,????(?????),??(??????),???,2?3????
LED???,https://mercari-shops.com/shops/cRVsGJJEHieasmA6hs8yBY,https://mercari-shops.com/shops/cRVsGJJEHieasmA6hs8yBY/reviews,cradle,8,https://jp.mercari.com/shops/product/oQ6KSXYB6XkpEWvLibpUh9?source=shops_search,Panasonic LED ??????,¥999,2,??????,????(?????),??(??????),???,1?2????
LED???,https://mercari-shops.com/shops/HLHaubXwZY8CUVpPwE92ni,https://mercari-shops.com/shops/HLHaubXwZY8CUVpPwE92ni/reviews,??shop?????,719,https://jp.mercari.com/shops/product/TPKWStnHjx4fR2N2Sp2fkF?source=shops_search,????????? ?????? 8????? ???????? IP65?? LED??????????? 20m ?? 200LED?? ?? ??????????? ???????? ???????? LED ???????? LED led??????,"¥2,856",0,??????,????(?????),??(??????),???,2?3????
LED???,https://mercari-shops.com/shops/ujmvS5yshdwEY5bzrrNvMP,https://mercari-shops.com/shops/ujmvS5yshdwEY5bzrrNvMP/reviews,?????????,21,https://jp.mercari.com/shops/product/W5RfsdsWhDYec37UAjWzJR?source=shops_search,50? LED?? LED???? ?????? ???? ??? ????? ?????LED??? ?? ????? ????? LED ??? ?? ?? ??? ????? ??? (??),"¥2,724",0,??????,????(?????),??(??????),???,1?2????
LED???,https://mercari-shops.com/shops/wF5NfJV7fvCbFk7m8pKvRT,https://mercari-shops.com/shops/wF5NfJV7fvCbFk7m8pKvRT/reviews,???????,76,https://jp.mercari.com/shops/product/AChmtqd3vL9jvZKJKStUoa?source=shops_search,LED ?????,"¥23,000",1,????????,????(?????),?????????,???,4?7????
LED???,https://mercari-shops.com/shops/g8EGBYe4tiM62MyjRenr58,https://mercari-shops.com/shops/g8EGBYe4tiM62MyjRenr58/reviews,???????LMMC,1212,https://jp.mercari.com/shops/product/gwETzroXLbcbbZFpeNkHXU?source=shops_search,???????? ????????? LED ????? ??? ?? ???,¥900,5,??????,????(?????),??(??????),???,1?2????
LED???,https://mercari-shops.com/shops/VCeQtuvevAsWZcMTaJSzhF,https://mercari-shops.com/shops/VCeQtuvevAsWZcMTaJSzhF/reviews,??????????????????,16506,https://jp.mercari.com/shops/product/YkJw34ymrnU5xy6YxkqG5W?source=shops_search,??????? LED????? ???? ????????? ????? ??? 9???? ??????? ????? 192LED 4?????,"¥2,140",6,??????,????(?????),??(??????),???,1?2????
LED???,https://mercari-shops.com/shops/VKPfChyHFnWtQMMcbtZFrR,https://mercari-shops.com/shops/VKPfChyHFnWtQMMcbtZFrR/reviews,e-???????,69,https://jp.mercari.com/shops/product/hQWdcwgMxLFRaTMGU9SJ6Y?source=shops_search,?????? ?????? LED?? LED??? LED???,"¥13,980",0,??????,????(?????),?????????,???,2?3????
LED???,https://mercari-shops.com/shops/CbHKxcEYttsHWZb9WLvnyb,https://mercari-shops.com/shops/CbHKxcEYttsHWZb9WLvnyb/reviews,One Life,348,https://jp.mercari.com/shops/product/xcpoX2isug5DthTTE4CpHH?source=shops_search,"(25)??? LED?????????? LED-265DS
???","¥2,400",1,??????,????(?????),?????????,???,1?2????
LED???,https://mercari-shops.com/shops/LzgPe5Pj2KZ4YJerUHP9pk,https://mercari-shops.com/shops/LzgPe5Pj2KZ4YJerUHP9pk/reviews,?????,364,https://jp.mercari.com/shops/product/WPHEit2PtiXUM2ibPpk4Va?source=shops_search,LED?????? ALA6MFW,"¥1,596",1,??????,????(?????),??(??????),???,2?3????
